{"initial_reset_timestamp": 1635151627.1604445, "timestamps": [1635151628.4239624], "episode_lengths": [755], "episode_rewards": [-21.0], "episode_types": ["t", "t"]}